Номер;Название по схеме;Категория по схеме;Основание
1;Входная группа;Постановление не обозначено;В легенде связь с постановлением не указана
2;Общественное здание;Постановление не обозначено;В легенде связь с постановлением не указана
3;Административное здание;Постановление не обозначено;В легенде связь с постановлением не указана
4;Замок Кощея;Постановление не обозначено;В легенде связь с постановлением не указана
5;Замок тридевятого царства;Постановление не обозначено;В легенде связь с постановлением не указана
6;Детский поезд ОЦДИ;Постановление не обозначено;В легенде связь с постановлением не указана
7;Избушка Бабы Яги;Постановление не обозначено;В легенде связь с постановлением не указана
8;Домик Водяного;Постановление не обозначено;В легенде связь с постановлением не указана
9;Убежище Лешего;Постановление не обозначено;В легенде связь с постановлением не указана
10;Трансформаторная подстанция;Постановление не обозначено;В легенде связь с постановлением не указана
11;Дом гномов;Постановление не обозначено;В легенде связь с постановлением не указана
12;Лаборатория гномов;Постановление не обозначено;В легенде связь с постановлением не указана
13;Колесо обозрения;636-ПП · аттракционы;Цветовая категория в экспликации исходной схемы
14;Аттракцион «Крокодил»;636-ПП · аттракционы;Цветовая категория в экспликации исходной схемы
15;Верёвочный парк;636-ПП · аттракционы;Цветовая категория в экспликации исходной схемы
16;Аттракцион «Батут»;636-ПП · аттракционы;Цветовая категория в экспликации исходной схемы
17;Аттракцион «Конвой»;636-ПП · аттракционы;Цветовая категория в экспликации исходной схемы
18;Аттракцион «Колобок»;636-ПП · аттракционы;Цветовая категория в экспликации исходной схемы
19;Аттракцион «Бамперные лодки»;636-ПП · аттракционы;Цветовая категория в экспликации исходной схемы
20;Аттракцион «Осьминог»;636-ПП · аттракционы;Цветовая категория в экспликации исходной схемы
21;Аттракцион «Мини джет» / «Вертолёт»;636-ПП · аттракционы;Цветовая категория в экспликации исходной схемы
22;Аттракцион «Гусеница»;636-ПП · аттракционы;Цветовая категория в экспликации исходной схемы
23;Аттракцион «Башня падения» / «Детская»;636-ПП · аттракционы;Цветовая категория в экспликации исходной схемы
24;Аттракцион «Вальс»;636-ПП · аттракционы;Цветовая категория в экспликации исходной схемы
25;Аттракцион «Тайфун»;636-ПП · аттракционы;Цветовая категория в экспликации исходной схемы
26;Аттракцион «Небула»;636-ПП · аттракционы;Цветовая категория в экспликации исходной схемы
27;Аттракцион «МИКС»;636-ПП · аттракционы;Цветовая категория в экспликации исходной схемы
28;Интерактивная площадка «MOTOR CITY» / «Автогородок»;636-ПП · аттракционы;Цветовая категория в экспликации исходной схемы
29;Аттракцион «360»;636-ПП · аттракционы;Цветовая категория в экспликации исходной схемы
30;Аттракцион «Автодром»;636-ПП · аттракционы;Цветовая категория в экспликации исходной схемы
31;Катальная гора;636-ПП · аттракционы;Цветовая категория в экспликации исходной схемы
32;Домик «Феи цветов»;Постановление не обозначено;В легенде связь с постановлением не указана
33;Домик «Феи света»;Постановление не обозначено;В легенде связь с постановлением не указана
34;Домик «Феи животных»;Постановление не обозначено;В легенде связь с постановлением не указана
35;Инфоцентр;Постановление не обозначено;В легенде связь с постановлением не указана
36;Открытая интерактивная площадка «ДиноПарк»;636-ПП · открытые площадки;Цветовая категория в экспликации исходной схемы
37;Детский лабиринт;636-ПП · аттракционы;Цветовая категория в экспликации исходной схемы
38;Аттракцион «Формула»;636-ПП · аттракционы;Цветовая категория в экспликации исходной схемы
39;Аттракцион «Чашки»;636-ПП · аттракционы;Цветовая категория в экспликации исходной схемы
40;Аттракцион «Осьминог» малый;636-ПП · аттракционы;Цветовая категория в экспликации исходной схемы
41;Аттракцион «Самолёт»;636-ПП · аттракционы;Цветовая категория в экспликации исходной схемы
42;Аттракцион «Кенгуру»;636-ПП · аттракционы;Цветовая категория в экспликации исходной схемы
43;Аттракцион «Детский кораблик»;636-ПП · аттракционы;Цветовая категория в экспликации исходной схемы
44;Аттракцион «Шейкер»;636-ПП · аттракционы;Цветовая категория в экспликации исходной схемы
45;Аттракцион «Детский паровозик»;636-ПП · аттракционы;Цветовая категория в экспликации исходной схемы
46;Дом вверх дном;636-ПП · аттракционы;Цветовая категория в экспликации исходной схемы
47;Павильон «VR»;636-ПП · аттракционы;Цветовая категория в экспликации исходной схемы
48;Открытая интерактивная площадка «Парк Драконов»;636-ПП · открытые площадки;Цветовая категория в экспликации исходной схемы
49;Открытая интерактивная площадка «Альпаки»;636-ПП · открытые площадки;Цветовая категория в экспликации исходной схемы
50;Открытая интерактивная площадка «Авиарий»;636-ПП · открытые площадки;Цветовая категория в экспликации исходной схемы
51;Аттракцион №1;529-ПП · объекты;Цветовая категория в экспликации исходной схемы
52;Аттракцион №2;529-ПП · объекты;Цветовая категория в экспликации исходной схемы
53;Аттракцион №3;529-ПП · объекты;Цветовая категория в экспликации исходной схемы
54;Аттракцион №4;529-ПП · объекты;Цветовая категория в экспликации исходной схемы
55;Аттракцион №5;529-ПП · объекты;Цветовая категория в экспликации исходной схемы
56;Аттракцион №6;529-ПП · объекты;Цветовая категория в экспликации исходной схемы
57;Аттракцион №7;529-ПП · объекты;Цветовая категория в экспликации исходной схемы
58;Аттракцион №8;529-ПП · объекты;Цветовая категория в экспликации исходной схемы
59;Аттракцион №9;529-ПП · объекты;Цветовая категория в экспликации исходной схемы
60;Аттракцион №10;529-ПП · объекты;Цветовая категория в экспликации исходной схемы
61;Аттракцион №11;529-ПП · объекты;Цветовая категория в экспликации исходной схемы
62;Аттракцион №12;529-ПП · объекты;Цветовая категория в экспликации исходной схемы
63;Аттракцион №13;529-ПП · объекты;Цветовая категория в экспликации исходной схемы
64;Аттракцион №14;529-ПП · объекты;Цветовая категория в экспликации исходной схемы
65;Аттракцион №15;529-ПП · объекты;Цветовая категория в экспликации исходной схемы
66;Контактный зоопарк;529-ПП · объекты;Цветовая категория в экспликации исходной схемы
67;Открытые вольеры;529-ПП · объекты;Цветовая категория в экспликации исходной схемы
68;Аттракцион №16;529-ПП · объекты;Цветовая категория в экспликации исходной схемы
69;Аттракцион №17;529-ПП · объекты;Цветовая категория в экспликации исходной схемы
70;Аттракцион №18;529-ПП · объекты;Цветовая категория в экспликации исходной схемы
71;Аттракцион №19;529-ПП · объекты;Цветовая категория в экспликации исходной схемы
72;Аттракцион №20;529-ПП · объекты;Цветовая категория в экспликации исходной схемы
73;Аттракцион №21;529-ПП · объекты;Цветовая категория в экспликации исходной схемы
74;Аттракцион №22;529-ПП · объекты;Цветовая категория в экспликации исходной схемы
75;Тиры тип 1;529-ПП · объекты;Цветовая категория в экспликации исходной схемы
76;Тиры тип 2;529-ПП · объекты;Цветовая категория в экспликации исходной схемы
77;Кассы;529-ПП · объекты;Цветовая категория в экспликации исходной схемы
78;Общественный туалет нестационарного типа;529-ПП · объекты;Цветовая категория в экспликации исходной схемы
79;Технические помещения;529-ПП · объекты;Цветовая категория в экспликации исходной схемы
80;VR кинотеатр;529-ПП · объекты;Цветовая категория в экспликации исходной схемы
81;Аттракцион №23;529-ПП · объекты;Цветовая категория в экспликации исходной схемы
82;Аттракцион №24;529-ПП · объекты;Цветовая категория в экспликации исходной схемы
83;Аттракцион №25;529-ПП · объекты;Цветовая категория в экспликации исходной схемы
84;Входная арка в Парк динозавров;529-ПП · объекты;Цветовая категория в экспликации исходной схемы
85;Трансформаторная подстанция;Постановление не обозначено;В легенде связь с постановлением не указана
86;Кофе Джой;Постановление не обозначено;В легенде связь с постановлением не указана
87;Симфония;Постановление не обозначено;В легенде связь с постановлением не указана
88;Фотостудия;Постановление не обозначено;В легенде связь с постановлением не указана
